<application>
  <component name="FileTypeManager" version="17">
    <extensionMap>
      <mapping pattern=".parcelrc" type="JSON5" />
      <mapping ext="js" type="JSX Harmony" />
      <removed_mapping ext="js" approved="true" type="JavaScript" />
      <mapping ext="php" type="PHP" />
      <mapping pattern="linkGatherUi" type="PLAIN_TEXT" />
      <mapping pattern=".env" type="PLAIN_TEXT" />
      <mapping pattern=".gitkeep" type="PLAIN_TEXT" />
      <mapping pattern=".env.development" type="PLAIN_TEXT" />
      <mapping pattern="NewLayout" type="PLAIN_TEXT" />
      <mapping pattern=".env.aws.example" type="PLAIN_TEXT" />
      <mapping pattern=".env.production.example" type="PLAIN_TEXT" />
      <mapping pattern="Procfile" type="PLAIN_TEXT" />
      <mapping pattern=".env.example" type="PLAIN_TEXT" />
      <mapping pattern=".nowignore" type="PLAIN_TEXT" />
      <mapping pattern=".env.test" type="PLAIN_TEXT" />
      <mapping pattern="sayHello" type="PLAIN_TEXT" />
      <mapping pattern=".env.aws" type="PLAIN_TEXT" />
      <mapping pattern="environment.ts" type="PLAIN_TEXT" />
      <mapping pattern=".env.production" type="PLAIN_TEXT" />
      <mapping pattern=".env.example.local" type="PLAIN_TEXT" />
      <mapping pattern="sessions" type="PLAIN_TEXT" />
      <mapping pattern=".env.test.example" type="PLAIN_TEXT" />
      <mapping pattern=".env.staging" type="PLAIN_TEXT" />
      <mapping pattern="ReferralType" type="PLAIN_TEXT" />
      <mapping pattern=".env.local.example" type="PLAIN_TEXT" />
      <mapping pattern=".gimp.gnh" type="PLAIN_TEXT" />
      <mapping pattern=".env.development.example" type="PLAIN_TEXT" />
      <mapping pattern=".env.local" type="PLAIN_TEXT" />
      <mapping pattern="unlinkGatherUi" type="PLAIN_TEXT" />
      <mapping ext="ym" type="PLAIN_TEXT" />
      <mapping ext="ghb" type="PLAIN_TEXT" />
      <mapping ext="go" type="PLAIN_TEXT" />
      <removed_mapping ext="js" approved="true" type="JavaScript" />
      <removed_mapping pattern="DeleteFolderModal.js" approved="true" type="PLAIN_TEXT" />
    </extensionMap>
  </component>
</application>